Date,SMB,HML
04 January 2010,0.58,1.12
05 January 2010,-0.58,1.22
06 January 2010,-0.25,0.52
07 January 2010,0.08,0.94
08 January 2010,0.4,0.01
11 January 2010,-0.13,-0.21
12 January 2010,-0.19,-1.31
13 January 2010,0.27,0.34
14 January 2010,0.28,0.05
15 January 2010,-0.13,-0.4
19 January 2010,0.43,-0.16
20 January 2010,-0.59,0.25
21 January 2010,0.41,-1.15
22 January 2010,0.55,-0.82
25 January 2010,-0.2,0.34
26 January 2010,-0.09,-0.46
27 January 2010,0.23,0.16
28 January 2010,-0.67,0.46
29 January 2010,-0.04,-0.45
01 February 2010,-0.2,0.91
02 February 2010,-0.42,0.66
03 February 2010,0.11,-0.38
04 February 2010,-0.15,-1.19
05 February 2010,-0.05,-0.06
08 February 2010,0.05,-0.36
09 February 2010,0.32,0.59
10 February 2010,0.25,0.29
11 February 2010,0.71,0.07
12 February 2010,0.97,0.14
16 February 2010,-0.28,1.02
17 February 2010,0.11,0.12
18 February 2010,0.11,0.01
19 February 2010,0.05,0.48
22 February 2010,-0.04,0.57
23 February 2010,0.27,-0.94
24 February 2010,-0.34,0.53
25 February 2010,0.24,0.28
26 February 2010,-0.55,0.39
01 March 2010,1.22,0.07
02 March 2010,0.61,0.18
03 March 2010,0.17,0.09
04 March 2010,0.09,0.23
05 March 2010,0.4,0.61
08 March 2010,0.08,0.26
09 March 2010,0.25,-0.1
10 March 2010,0.05,0.69
11 March 2010,-0.09,-0.11
12 March 2010,0.03,-0.28
15 March 2010,-0.31,-0.48
16 March 2010,-0.14,0.59
17 March 2010,0.04,0.35
18 March 2010,-0.17,-0.57
19 March 2010,-0.6,-0.63
22 March 2010,0.89,0.01
23 March 2010,0.35,0.36
24 March 2010,-0.64,0.82
25 March 2010,-0.48,-0.28
26 March 2010,-0.08,0.31
29 March 2010,-0.07,0.19
30 March 2010,0.29,-0.45
31 March 2010,-0.5,0.15
01 April 2010,-0.01,0.79
05 April 2010,1.07,0.92
06 April 2010,0.23,0.46
07 April 2010,0.21,0.24
08 April 2010,-0.28,0.39
09 April 2010,-0.12,0.17
12 April 2010,0.27,0.06
13 April 2010,0.16,-0.04
14 April 2010,0.87,1.41
15 April 2010,0.59,-0.04
16 April 2010,0.8,-1.83
19 April 2010,-0.85,-0.09
20 April 2010,0.66,0.56
21 April 2010,0.71,0.2
22 April 2010,0.81,0.49
23 April 2010,0.37,0.57
26 April 2010,0.46,-0.31
27 April 2010,0.11,-1.41
28 April 2010,-0.74,0.74
29 April 2010,0.46,0.46
30 April 2010,-0.97,-0.92
03 May 2010,0.65,0.61
04 May 2010,-0.58,-0.9
05 May 2010,-0.74,-0.63
06 May 2010,-0.27,-0.9
07 May 2010,-1.35,-0.48
10 May 2010,0.97,1.17
11 May 2010,1.16,-0.15
12 May 2010,1.48,0.19
13 May 2010,0.32,-0.3
14 May 2010,-0.27,-0.76
17 May 2010,0.04,-0.56
18 May 2010,-0.24,-0.96
19 May 2010,-0.97,0.03
20 May 2010,-0.89,-1.16
21 May 2010,-0.44,1.58
24 May 2010,0.33,-0.91
25 May 2010,-0.47,0.54
26 May 2010,0.83,0.38
27 May 2010,0.67,1.61
28 May 2010,0.06,-0.63
01 June 2010,-1.09,-1.57
02 June 2010,0.19,0.43
03 June 2010,0.7,-0.28
04 June 2010,-1.22,-0.7
07 June 2010,-1.08,-1.06
08 June 2010,-1.47,0.17
09 June 2010,0.74,-0.17
10 June 2010,0.4,0.9
11 June 2010,0.93,0.06
14 June 2010,0.66,0.01
15 June 2010,0.08,0.91
16 June 2010,-0.21,-0.32
17 June 2010,-0.16,-0.46
18 June 2010,0,0.24
21 June 2010,-0.55,0
22 June 2010,-0.34,-0.75
23 June 2010,-0.05,0.23
24 June 2010,0.1,-0.89
25 June 2010,1.05,1.03
28 June 2010,-0.02,-0.72
29 June 2010,-0.66,-1.28
30 June 2010,0.04,-0.36
01 July 2010,-0.31,-0.43
02 July 2010,-0.31,-0.43
06 July 2010,-2,0.08
07 July 2010,0.06,0.45
08 July 2010,0.57,0
09 July 2010,0.65,0.58
12 July 2010,-1.19,0.05
13 July 2010,1.62,0.65
14 July 2010,-0.16,-0.76
15 July 2010,-0.87,-0.1
16 July 2010,-0.56,-0.96
19 July 2010,-0.15,-0.19
20 July 2010,0.65,0.14
21 July 2010,-0.38,-0.42
22 July 2010,1.25,0.54
23 July 2010,1.47,-0.23
26 July 2010,0.87,0.11
27 July 2010,-0.33,0.35
28 July 2010,-0.9,-0.03
29 July 2010,0.32,0.67
30 July 2010,0.03,-0.22
02 August 2010,-0.54,0.15
03 August 2010,-0.41,-0.51
04 August 2010,0.43,-0.1
05 August 2010,-0.82,0.13
06 August 2010,-0.17,-0.35
09 August 2010,0.62,0.05
10 August 2010,-1.23,-0.21
11 August 2010,-1.07,-0.65
12 August 2010,-0.07,-0.05
13 August 2010,-0.8,0.24
16 August 2010,0.93,-0.2
17 August 2010,0.59,-0.18
18 August 2010,0.06,0.07
19 August 2010,-0.82,-0.42
20 August 2010,0.27,-0.23
23 August 2010,-0.94,-0.44
24 August 2010,0.14,0.14
25 August 2010,1.04,0
26 August 2010,-0.08,-0.26
27 August 2010,0.93,0.37
30 August 2010,-0.82,-0.4
31 August 2010,-0.26,0.77
01 September 2010,0.62,0.47
02 September 2010,0.26,-0.31
03 September 2010,0.35,0.2
07 September 2010,-0.79,-0.74
08 September 2010,0.02,0.17
09 September 2010,-0.48,0.55
10 September 2010,-0.09,-0.13
13 September 2010,1.13,0.21
14 September 2010,-0.23,-0.52
15 September 2010,0.11,-0.23
16 September 2010,-0.51,-0.69
17 September 2010,0.61,-0.58
20 September 2010,1.13,0.23
21 September 2010,-0.28,-0.32
22 September 2010,-0.56,-0.53
23 September 2010,-0.08,-0.68
24 September 2010,0.99,0.48
27 September 2010,0.21,-0.45
28 September 2010,0.53,0.1
29 September 2010,0.66,-0.25
30 September 2010,0.04,0.29
01 October 2010,-0.06,0.21
04 October 2010,-0.72,-0.07
05 October 2010,0.77,0.15
06 October 2010,-0.39,0.47
07 October 2010,0.05,-0.28
08 October 2010,0.96,-0.13
11 October 2010,0.02,-0.22
12 October 2010,-0.04,0.18
13 October 2010,0.88,-0.36
14 October 2010,0.41,-0.41
15 October 2010,-0.06,-1.28
18 October 2010,0.06,0.86
19 October 2010,-0.69,0.26
20 October 2010,0.07,0.09
21 October 2010,-0.53,-0.51
22 October 2010,0.46,-0.43
25 October 2010,0.47,-0.53
26 October 2010,0.01,-0.18
27 October 2010,-0.18,-0.22
28 October 2010,-0.6,-0.06
29 October 2010,0.32,-0.11
01 November 2010,-0.65,-0.2
02 November 2010,1.34,-0.17
03 November 2010,-0.06,0.17
04 November 2010,0.47,1.05
05 November 2010,-0.09,0.68
08 November 2010,0.45,-0.48
09 November 2010,-0.41,-0.49
10 November 2010,0.58,0.55
11 November 2010,-0.06,-0.08
12 November 2010,-0.49,-0.06
15 November 2010,0.2,0.32
16 November 2010,-0.34,-0.15
17 November 2010,0.34,-0.29
18 November 2010,0.31,-0.3
19 November 2010,0.21,-0.18
22 November 2010,0.6,-0.94
23 November 2010,0.48,-0.28
24 November 2010,0.66,0.03
26 November 2010,0.29,-0.35
29 November 2010,0.01,0.42
30 November 2010,-0.21,-0.02
01 December 2010,-0.09,0.01
02 December 2010,-0.31,0.66
03 December 2010,0.39,0.05
06 December 2010,0.75,-0.05
07 December 2010,0.36,0
08 December 2010,-0.52,0.62
09 December 2010,-0.01,0.65
10 December 2010,0.43,0.24
13 December 2010,-0.58,0.08
14 December 2010,-0.04,-0.11
15 December 2010,0.2,-0.54
16 December 2010,0.43,-0.11
17 December 2010,0.15,-0.13
20 December 2010,0.01,0.33
21 December 2010,0.35,0.74
22 December 2010,-0.39,0.82
23 December 2010,0.07,-0.32
27 December 2010,0.21,0.44
28 December 2010,-0.43,0.18
29 December 2010,0.11,-0.16
30 December 2010,0.14,-0.03
31 December 2010,-0.65,0.23
03 January 2011,0.53,0.79
04 January 2011,-1.38,0.11
05 January 2011,0.61,0.14
06 January 2011,-0.06,-0.32
07 January 2011,-0.25,-0.3
10 January 2011,0.56,-0.15
11 January 2011,0.12,0.22
12 January 2011,-0.05,0.26
13 January 2011,0.13,-0.38
14 January 2011,0.02,0.49
18 January 2011,0.07,-0.41
19 January 2011,-1.37,-0.54
20 January 2011,-1.04,0.76
21 January 2011,-0.89,0.56
24 January 2011,0.31,-0.22
25 January 2011,-0.02,0.1
26 January 2011,1.38,-0.22
27 January 2011,-0.09,0.28
28 January 2011,-0.88,-0.03
31 January 2011,-0.01,-0.28
01 February 2011,0.51,0.53
02 February 2011,-0.08,-0.39
03 February 2011,-0.06,-0.1
04 February 2011,0.09,-0.57
07 February 2011,0.27,0.59
08 February 2011,0.23,0
09 February 2011,-0.2,-0.09
10 February 2011,0.35,-0.3
11 February 2011,0.41,0.51
14 February 2011,0.21,-0.15
15 February 2011,-0.37,0.3
16 February 2011,0.38,0.26
17 February 2011,0.38,0.21
18 February 2011,-0.14,-0.03
22 February 2011,-0.53,-0.35
23 February 2011,-1.18,0.4
24 February 2011,0.72,-0.32
25 February 2011,1.01,0.22
28 February 2011,-0.44,0.27
01 March 2011,-0.3,-0.06
02 March 2011,0.33,-0.23
03 March 2011,0.45,-0.04
04 March 2011,0.3,-0.53
07 March 2011,-0.72,0.12
08 March 2011,0.46,0.67
09 March 2011,-0.26,0.32
10 March 2011,-0.74,-0.31
11 March 2011,-0.34,0.14
14 March 2011,0.1,-0.4
15 March 2011,0.28,-0.14
16 March 2011,0.63,-0.07
17 March 2011,-0.81,0.58
18 March 2011,0.57,0.22
21 March 2011,0.96,-0.26
22 March 2011,-0.09,-0.05
23 March 2011,0.15,-0.4
24 March 2011,-0.11,-0.42
25 March 2011,0.43,-0.04
28 March 2011,0.05,-0.18
29 March 2011,0.26,-0.19
30 March 2011,0.43,0.08
31 March 2011,0.59,-0.3
01 April 2011,-0.1,0.24
04 April 2011,0.25,-0.11
05 April 2011,0.47,-0.2
06 April 2011,-0.2,0.6
07 April 2011,-0.21,-0.16
08 April 2011,-0.56,-0.27
11 April 2011,-0.65,-0.11
12 April 2011,-0.67,0.02
13 April 2011,0.15,-0.69
14 April 2011,0.37,-0.35
15 April 2011,0.58,-0.06
18 April 2011,-0.39,-0.35
19 April 2011,-0.35,-0.16
20 April 2011,0.61,-0.61
21 April 2011,0.32,-0.05
25 April 2011,-0.06,-0.04
26 April 2011,0.14,-0.04
27 April 2011,-0.08,-0.23
28 April 2011,-0.14,0.12
29 April 2011,0.21,-0.05
02 May 2011,-0.9,-0.14
03 May 2011,-1.01,0.44
04 May 2011,-0.55,-0.15
05 May 2011,0.51,-0.34
06 May 2011,0.04,-0.17
09 May 2011,0.67,-0.43
10 May 2011,0.66,0.24
11 May 2011,-0.62,-0.44
12 May 2011,0.36,-0.43
13 May 2011,-0.46,-0.32
16 May 2011,-1,0.44
17 May 2011,-0.48,0.12
18 May 2011,0.67,-0.3
19 May 2011,-0.03,-0.12
20 May 2011,0.08,-0.21
23 May 2011,-0.53,0.01
24 May 2011,-0.29,0
25 May 2011,1.02,-0.36
26 May 2011,0.66,-0.15
27 May 2011,0.18,0.23
31 May 2011,0.43,-0.06
01 June 2011,-0.75,-0.26
02 June 2011,-0.02,0.13
03 June 2011,-0.55,0.18
06 June 2011,-0.26,-0.32
07 June 2011,0.31,-0.12
08 June 2011,-0.73,0.04
09 June 2011,-0.08,0.01
10 June 2011,-0.24,0.44
13 June 2011,-0.55,0.36
14 June 2011,1.05,-0.39
15 June 2011,-0.01,-0.15
16 June 2011,-0.08,0.43
17 June 2011,-0.39,0.65
20 June 2011,0.38,-0.09
21 June 2011,0.95,-0.39
22 June 2011,-0.09,0.07
23 June 2011,0.64,-0.83
24 June 2011,0.44,0.12
27 June 2011,0.04,-0.04
28 June 2011,0.42,-0.53
29 June 2011,-0.69,0.66
30 June 2011,0.17,-0.24
01 July 2011,-0.03,0.14
05 July 2011,0.21,-0.84
06 July 2011,0.42,-0.56
07 July 2011,0.48,0.09
08 July 2011,-0.01,-0.42
11 July 2011,-0.14,-0.28
12 July 2011,0.05,0.45
13 July 2011,0.57,-0.12
14 July 2011,-0.8,0.12
15 July 2011,0.11,-0.52
18 July 2011,-0.59,-0.37
19 July 2011,0.57,-0.67
20 July 2011,-0.3,0.73
21 July 2011,-0.35,1.06
22 July 2011,-0.1,-0.74
25 July 2011,-0.58,0.09
26 July 2011,-0.38,0.15
27 July 2011,-0.8,0.43
28 July 2011,0.15,-0.12
29 July 2011,0.23,0.11
01 August 2011,-0.18,0.21
02 August 2011,-0.49,0.15
03 August 2011,0.27,-0.33
04 August 2011,-0.83,0.31
05 August 2011,-1.23,-0.45
08 August 2011,-1.45,-1.56
09 August 2011,0.93,0.65
10 August 2011,-0.55,-1.49
11 August 2011,0.32,0.61
12 August 2011,-0.19,-1.47
15 August 2011,0.44,0.98
16 August 2011,-0.79,-0.1
17 August 2011,-0.33,0.71
18 August 2011,-1.02,0.58
19 August 2011,0.15,-0.37
22 August 2011,0.09,-0.81
23 August 2011,1.24,-0.81
24 August 2011,-0.15,0.95
25 August 2011,-0.99,0.54
26 August 2011,0.91,-1.06
29 August 2011,1.56,0.82
30 August 2011,0.26,-0.77
31 August 2011,-0.72,0.26
01 September 2011,-1.1,-0.76
02 September 2011,-0.81,-0.67
06 September 2011,0.5,-0.64
07 September 2011,0.94,0.92
08 September 2011,-0.76,-0.56
09 September 2011,-0.18,0.04
12 September 2011,0,0.31
13 September 2011,0.76,-0.41
14 September 2011,0.44,-0.4
15 September 2011,-0.55,0.54
16 September 2011,-0.39,-0.35
19 September 2011,-0.53,-1.23
20 September 2011,-1.49,0.24
21 September 2011,-0.36,-1.23
22 September 2011,0.12,0.46
23 September 2011,0.66,-0.02
26 September 2011,-0.64,1.25
27 September 2011,1.07,-0.55
28 September 2011,-1.65,-0.18
29 September 2011,0.58,2.04
30 September 2011,-0.16,-0.08
03 October 2011,-1.92,-0.62
04 October 2011,3.61,0.34
05 October 2011,-0.2,-0.45
06 October 2011,0.25,0.51
07 October 2011,-1.27,-1.34
10 October 2011,0.46,0.61
11 October 2011,0.69,-0.17
12 October 2011,0.5,0.91
13 October 2011,0.25,-1.21
14 October 2011,0.15,-0.37
17 October 2011,-1.29,-0.45
18 October 2011,0.63,1.51
19 October 2011,-0.77,0.37
20 October 2011,-0.3,0.7
21 October 2011,0.15,0.01
24 October 2011,1.76,-0.39
25 October 2011,-0.89,-0.33
26 October 2011,0.7,0.78
27 October 2011,1.41,0.83
28 October 2011,-0.57,-0.44
31 October 2011,0.05,-0.8
01 November 2011,-0.53,-1.08
02 November 2011,0.77,1
03 November 2011,0.59,-0.13
04 November 2011,0.03,-0.58
07 November 2011,-0.71,0.4
08 November 2011,0,0.47
09 November 2011,-0.81,-0.64
10 November 2011,0.05,0.57
11 November 2011,0.48,-0.22
14 November 2011,-0.47,-0.8
15 November 2011,0.88,-0.26
16 November 2011,-0.16,-0.18
17 November 2011,0.19,0.19
18 November 2011,0.06,0.91
21 November 2011,-0.5,-0.07
22 November 2011,-0.26,-0.56
23 November 2011,-0.7,-0.29
25 November 2011,-1,0.47
28 November 2011,1.63,-0.7
29 November 2011,-0.49,0.17
30 November 2011,1.05,1.09
01 December 2011,-0.5,-0.65
02 December 2011,0.44,0.64
05 December 2011,0.27,0.3
06 December 2011,-0.08,0.08
07 December 2011,-0.31,0.73
08 December 2011,-0.74,-0.99
09 December 2011,1.32,0.07
12 December 2011,0.04,-0.44
13 December 2011,-1.04,0.12
14 December 2011,-0.26,0.91
15 December 2011,0.66,0.12
16 December 2011,0.23,-0.1
19 December 2011,-0.43,-0.7
20 December 2011,0.81,0.3
21 December 2011,-0.03,1.31
22 December 2011,-0.21,0.69
23 December 2011,-0.58,-0.16
27 December 2011,0.47,-0.52
28 December 2011,-0.73,-0.04
29 December 2011,0.19,0.24
30 December 2011,-0.07,-0.14
03 January 2012,-0.16,0.87
04 January 2012,-0.66,0.09
05 January 2012,0.19,0.14
06 January 2012,0.01,-0.26
09 January 2012,0.22,-0.06
10 January 2012,0.4,0.4
11 January 2012,0.16,0.35
12 January 2012,0.3,0
13 January 2012,-0.26,-0.45
17 January 2012,-0.11,-0.72
18 January 2012,0.56,0.15
19 January 2012,-0.15,-0.22
20 January 2012,0.24,0.65
23 January 2012,-0.27,0.13
24 January 2012,0.84,-0.4
25 January 2012,0.11,-0.71
26 January 2012,0.25,-0.55
27 January 2012,0.85,-0.12
30 January 2012,-0.45,-0.3
31 January 2012,-0.05,0.02
01 February 2012,1.12,0.36
02 February 2012,0.41,-0.05
03 February 2012,0.59,0.33
06 February 2012,-0.26,-0.2
07 February 2012,-0.28,-0.09
08 February 2012,-0.13,0.42
09 February 2012,-0.35,-0.38
10 February 2012,-0.59,-0.1
13 February 2012,0.59,-0.06
14 February 2012,-0.41,-0.41
15 February 2012,-0.23,0.09
16 February 2012,0.69,0.28
17 February 2012,-0.3,0.5
21 February 2012,-0.66,0.37
22 February 2012,-0.38,-0.64
23 February 2012,0.91,-0.08
24 February 2012,-0.44,-0.65
27 February 2012,-0.21,0.36
28 February 2012,-0.63,-0.14
29 February 2012,-1.03,0.2
01 March 2012,-0.23,0.02
02 March 2012,-1.25,0
05 March 2012,0.45,0.26
06 March 2012,-0.33,-0.33
07 March 2012,0.31,0.22
08 March 2012,0.37,-0.3
09 March 2012,0.9,0.15
12 March 2012,-0.21,-0.03
13 March 2012,0.09,0.89
14 March 2012,-0.62,-0.22
15 March 2012,0.27,0.51
16 March 2012,-0.27,0.39
19 March 2012,0.52,-0.1
20 March 2012,-0.65,0.31
21 March 2012,0.3,-0.4
22 March 2012,-0.13,-0.43
23 March 2012,0.59,0.32
26 March 2012,0.47,-0.24
27 March 2012,-0.34,-0.32
28 March 2012,-0.02,0.42
29 March 2012,-0.02,-0.23
30 March 2012,-0.71,-0.04
02 April 2012,0.34,0.04
03 April 2012,-0.29,-0.32
04 April 2012,-0.58,0.04
05 April 2012,-0.08,-0.48
09 April 2012,-0.45,-0.04
10 April 2012,-0.41,0.09
11 April 2012,0.76,0.28
12 April 2012,0.07,0.31
13 April 2012,-0.15,-0.76
16 April 2012,0.14,0.85
17 April 2012,0.06,-0.24
18 April 2012,-0.48,-0.41
19 April 2012,-0.04,0.3
20 April 2012,0.54,-0.08
23 April 2012,-0.56,0.15
24 April 2012,0.22,0.99
25 April 2012,0.4,-1.05
26 April 2012,-0.04,-0.03
27 April 2012,0.71,-0.18
30 April 2012,-0.61,0.09
01 May 2012,-0.84,0.39
02 May 2012,0.7,-0.59
03 May 2012,-0.64,0.11
04 May 2012,-0.21,0.13
07 May 2012,0.14,0.49
08 May 2012,0.35,0.36
09 May 2012,0.17,-0.24
10 May 2012,0.06,0.56
11 May 2012,0.21,-0.94
14 May 2012,-0.07,-0.12
15 May 2012,0.51,-0.21
16 May 2012,-0.17,-0.44
17 May 2012,-0.52,0.43
18 May 2012,-0.18,0.16
21 May 2012,0.67,-1.18
22 May 2012,-0.87,0.29
23 May 2012,0.49,-0.27
24 May 2012,-0.02,0.2
25 May 2012,0.23,-0.1
29 May 2012,0.17,-0.02
30 May 2012,-0.28,-0.25
31 May 2012,0.14,0.56
01 June 2012,-0.54,0.21
04 June 2012,0.1,-0.56
05 June 2012,0.26,0.07
06 June 2012,0.07,0.22
07 June 2012,-0.46,0.13
08 June 2012,0.21,0.01
11 June 2012,-0.88,-0.05
12 June 2012,0.1,0.09
13 June 2012,-0.51,0.36
14 June 2012,0.18,0.37
15 June 2012,0.11,-0.06
18 June 2012,0.13,-0.85
19 June 2012,0.69,0.15
20 June 2012,-0.1,0.15
21 June 2012,-0.09,0.12
22 June 2012,0.67,0.07
25 June 2012,0.08,-0.14
26 June 2012,-0.13,-0.06
27 June 2012,0.39,0.48
28 June 2012,0.16,0.44
29 June 2012,0.39,-0.7
02 July 2012,0.72,-0.02
03 July 2012,0.71,0.07
05 July 2012,0.58,-0.88
06 July 2012,-0.41,0.36
09 July 2012,-0.26,-0.24
10 July 2012,-0.38,0.31
11 July 2012,-0.4,0.74
12 July 2012,0.23,-0.82
13 July 2012,-0.4,0.57
16 July 2012,-0.41,-0.26
17 July 2012,-0.54,0.24
18 July 2012,0.3,-0.79
19 July 2012,-0.35,-0.98
20 July 2012,-0.32,0.07
23 July 2012,-0.69,0.2
24 July 2012,-0.57,0.26
25 July 2012,0.26,-0.05
26 July 2012,-0.82,0.38
27 July 2012,0.59,0.08
30 July 2012,-0.4,0.26
31 July 2012,0,0.26
01 August 2012,-1.6,0.29
02 August 2012,0.25,-0.41
03 August 2012,0.55,0.56
06 August 2012,0.57,0.08
07 August 2012,0.33,0.07
08 August 2012,-0.25,0.59
09 August 2012,0.37,0.12
10 August 2012,-0.34,-0.02
13 August 2012,-0.15,0
14 August 2012,-0.43,-0.05
15 August 2012,0.74,-0.07
16 August 2012,0.47,-0.17
17 August 2012,0.59,0.12
20 August 2012,-0.46,0.59
21 August 2012,0.1,0.4
22 August 2012,-0.44,-0.35
23 August 2012,-0.01,-0.35
24 August 2012,-0.27,-0.03
27 August 2012,0.12,-0.12
28 August 2012,0.6,-0.08
29 August 2012,0.25,0.12
30 August 2012,-0.45,0
31 August 2012,-0.07,0
04 September 2012,0.97,-0.16
05 September 2012,-0.07,0.31
06 September 2012,-0.1,0.34
07 September 2012,-0.01,0.78
10 September 2012,0.29,-0.07
11 September 2012,0.03,0.54
12 September 2012,0.12,0.32
13 September 2012,-0.4,0.56
14 September 2012,0.56,0.48
17 September 2012,-0.18,-0.79
18 September 2012,-0.01,-0.23
19 September 2012,-0.15,0.06
20 September 2012,-0.42,-0.17
21 September 2012,0.49,-0.04
24 September 2012,-0.22,0.33
25 September 2012,-0.34,-0.36
26 September 2012,-0.03,0.03
27 September 2012,0.24,-0.15
28 September 2012,-0.31,-0.25
01 October 2012,0.07,0.23
02 October 2012,-0.15,0.27
03 October 2012,-0.66,-0.02
04 October 2012,-0.2,0.77
05 October 2012,-0.18,0.22
08 October 2012,-0.24,0.22
09 October 2012,-0.3,0.34
10 October 2012,0.38,0.26
11 October 2012,0.33,0.68
12 October 2012,-0.31,-0.9
15 October 2012,-0.15,0.16
16 October 2012,-0.21,-0.24
17 October 2012,0.15,1.13
18 October 2012,-0.59,0.27
19 October 2012,-0.41,0.47
22 October 2012,-0.04,0.17
23 October 2012,0.98,-0.51
24 October 2012,-0.15,0.43
25 October 2012,0.16,-0.08
26 October 2012,-0.13,-0.4
31 October 2012,0.51,0.38
01 November 2012,0.15,0.21
02 November 2012,-0.55,0.25
05 November 2012,0.42,-0.23
06 November 2012,-0.04,0.56
07 November 2012,-0.03,-1.46
08 November 2012,-0.28,0.41
09 November 2012,0.03,-0.14
12 November 2012,-0.18,0.05
13 November 2012,-0.21,-0.3
14 November 2012,-0.36,-0.24
15 November 2012,-0.43,0.17
16 November 2012,0.08,0.03
19 November 2012,0.25,0
20 November 2012,-0.06,0.14
21 November 2012,0.38,-0.06
23 November 2012,-0.15,0.07
26 November 2012,0.54,-0.17
27 November 2012,0.44,-0.21
28 November 2012,0.02,-0.27
29 November 2012,0.69,-0.03
30 November 2012,-0.14,0.27
03 December 2012,0.28,0.22
04 December 2012,0.35,-0.06
05 December 2012,-0.66,0.99
06 December 2012,-0.18,-0.15
07 December 2012,-0.43,0.34
10 December 2012,0.47,0.02
11 December 2012,0.46,-0.06
12 December 2012,-0.7,0.54
13 December 2012,0.03,0.06
14 December 2012,0.32,0.26
17 December 2012,-0.07,0.59
18 December 2012,0.32,0.07
19 December 2012,0.6,0.24
20 December 2012,-0.23,0.72
21 December 2012,0.43,-0.34
24 December 2012,-0.21,0
26 December 2012,-0.16,0.34
27 December 2012,0,-0.17
28 December 2012,0.45,0.01
31 December 2012,0.43,-0.07
02 January 2013,0.16,0.35
03 January 2013,0.12,0.05
04 January 2013,0.1,0.43
07 January 2013,-0.09,-0.36
08 January 2013,0.05,-0.06
09 January 2013,0.29,-0.41
10 January 2013,-0.66,0.51
11 January 2013,0.08,-0.45
14 January 2013,0.03,-0.09
15 January 2013,0.24,0.01
16 January 2013,-0.24,0.23
17 January 2013,0.43,-0.09
18 January 2013,0.03,-0.11
22 January 2013,0.16,0.46
23 January 2013,-0.29,-0.12
24 January 2013,0.26,0.05
25 January 2013,-0.05,-0.28
28 January 2013,0.38,0.12
29 January 2013,-0.45,0.36
30 January 2013,-0.88,0.12
31 January 2013,0.69,0.19
01 February 2013,0.07,0.26
04 February 2013,-0.14,-0.16
05 February 2013,-0.09,0.18
06 February 2013,0.29,0.13
07 February 2013,-0.06,0.02
08 February 2013,0.01,-0.21
11 February 2013,-0.05,0.39
12 February 2013,0.2,0.71
13 February 2013,0.11,-0.01
14 February 2013,0.34,0.12
15 February 2013,0.03,-0.09
19 February 2013,0.22,0.18
20 February 2013,-0.55,-0.64
21 February 2013,-0.31,-0.06
22 February 2013,0.16,-0.06
25 February 2013,-0.21,-0.72
26 February 2013,-0.18,0.02
27 February 2013,-0.38,0.16
28 February 2013,0.1,-0.16
01 March 2013,0.13,-0.33
04 March 2013,-0.41,0.1
05 March 2013,0.22,-0.17
06 March 2013,0.06,0.48
07 March 2013,0.19,0.42
08 March 2013,0.39,-0.16
11 March 2013,-0.34,0.23
12 March 2013,0.05,-0.13
13 March 2013,0.18,0.06
14 March 2013,0.38,0.39
15 March 2013,0.02,0.42
18 March 2013,0.11,-0.23
19 March 2013,-0.03,0.04
20 March 2013,0.27,0.01
21 March 2013,0.17,-0.28
22 March 2013,-0.46,-0.3
25 March 2013,0.29,0.02
26 March 2013,-0.38,-0.22
27 March 2013,0.16,-0.3
28 March 2013,-0.27,-0.3
01 April 2013,-0.93,0.02
02 April 2013,-0.9,-0.33
03 April 2013,-0.42,-0.2
04 April 2013,0.18,0.25
05 April 2013,0.05,0.35
08 April 2013,0.13,0.29
09 April 2013,-0.4,0.2
10 April 2013,0.63,-0.1
11 April 2013,-0.2,-0.14
12 April 2013,-0.13,-0.46
15 April 2013,-1.49,-0.28
16 April 2013,0.18,0.07
17 April 2013,-0.29,-0.55
18 April 2013,0.16,0.02
19 April 2013,0.04,0.13
22 April 2013,-0.15,-0.14
23 April 2013,0.46,0.63
24 April 2013,0.37,1.21
25 April 2013,0.2,0.01
26 April 2013,-0.35,-0.22
29 April 2013,0.13,-0.07
30 April 2013,0.38,-0.05
01 May 2013,-1.4,-0.27
02 May 2013,0.59,0.13
03 May 2013,0.62,0.16
06 May 2013,0.24,0.84
07 May 2013,0.12,0.13
08 May 2013,-0.21,0.13
09 May 2013,0.11,-0.3
10 May 2013,0.43,-0.19
13 May 2013,-0.23,-0.04
14 May 2013,0.12,0.31
15 May 2013,-0.15,0.28
16 May 2013,0.15,-0.28
17 May 2013,-0.01,0.39
20 May 2013,0.38,0.5
21 May 2013,-0.1,-0.08
22 May 2013,-0.73,-0.17
23 May 2013,0.48,-0.08
24 May 2013,0.16,0.06
28 May 2013,0.65,0.21
29 May 2013,-0.36,0.58
30 May 2013,0.31,0.49
31 May 2013,0.51,-0.25
03 June 2013,0.17,-0.1
04 June 2013,-0.3,-0.17
05 June 2013,0.07,-0.26
06 June 2013,0.15,0.26
07 June 2013,-0.47,0.07
10 June 2013,0.65,0.22
11 June 2013,0.01,-0.58
12 June 2013,0.01,0.02
13 June 2013,0.11,0.31
14 June 2013,-0.24,-0.54
17 June 2013,-0.09,0.02
18 June 2013,0.38,-0.05
19 June 2013,0.17,0.11
20 June 2013,-0.02,0.34
21 June 2013,0.19,-0.09
24 June 2013,0.08,-0.66
25 June 2013,-0.02,0.87
26 June 2013,-0.74,-0.13
27 June 2013,0.84,0.36
28 June 2013,0.33,-0.14
01 July 2013,0.82,-0.14
02 July 2013,0,0.09
03 July 2013,0.19,-0.21
05 July 2013,0.37,0.45
08 July 2013,-0.18,0.05
09 July 2013,0.04,0.26
10 July 2013,0.35,-0.41
11 July 2013,-0.11,-0.62
12 July 2013,-0.01,0.2
15 July 2013,0.5,0.34
16 July 2013,0.03,0.09
17 July 2013,-0.04,0.18
18 July 2013,0.03,0.96
19 July 2013,-0.12,0.28
22 July 2013,0.1,0.29
23 July 2013,0.06,0.28
24 July 2013,-0.27,-0.26
25 July 2013,0.59,-0.35
26 July 2013,-0.64,-0.21
29 July 2013,-0.32,-0.28
30 July 2013,0.2,-0.51
31 July 2013,0.15,0.09
01 August 2013,0.06,0.05
02 August 2013,-0.21,-0.33
05 August 2013,0.5,-0.17
06 August 2013,-0.33,-0.1
07 August 2013,-0.34,0.02
08 August 2013,0.01,-0.01
09 August 2013,0.13,-0.2
12 August 2013,0.58,-0.22
13 August 2013,-0.29,-0.05
14 August 2013,0.14,0.28
15 August 2013,-0.37,0.29
16 August 2013,0.05,0.09
19 August 2013,-0.19,-0.75
20 August 2013,0.84,0.13
21 August 2013,-0.02,-0.46
22 August 2013,0.51,0.05
23 August 2013,-0.22,-0.14
26 August 2013,0.5,-0.5
27 August 2013,-0.74,-0.32
28 August 2013,0.11,0.08
29 August 2013,0.78,-0.41
30 August 2013,-1.14,-0.21
03 September 2013,0.05,0.1
04 September 2013,-0.01,-0.15
05 September 2013,0.17,0.37
06 September 2013,0.04,0
09 September 2013,0.46,-0.22
10 September 2013,0.01,0.21
11 September 2013,-0.22,0.01
12 September 2013,-0.23,-0.34
13 September 2013,0.24,-0.01
16 September 2013,-0.44,0.4
17 September 2013,0.47,-0.13
18 September 2013,-0.16,-0.45
19 September 2013,0.16,-0.6
20 September 2013,0.53,0.18
23 September 2013,0.45,-0.37
24 September 2013,0.53,0.01
25 September 2013,0.03,0.58
26 September 2013,0.21,-0.73
27 September 2013,-0.01,-0.06
30 September 2013,0.5,0.06
01 October 2013,0.41,-0.13
02 October 2013,-0.37,-0.08
03 October 2013,-0.19,0.2
04 October 2013,-0.01,0.1
07 October 2013,-0.27,0
08 October 2013,-0.47,0.76
09 October 2013,-0.44,0.62
10 October 2013,0.16,-0.02
11 October 2013,0.79,0
14 October 2013,0.23,-0.11
15 October 2013,-0.19,0.01
16 October 2013,-0.32,0.14
17 October 2013,0.15,0.04
18 October 2013,0.34,-0.05
21 October 2013,-0.12,0.05
22 October 2013,-0.28,0.09
23 October 2013,0.16,-0.33
24 October 2013,0.4,-0.3
25 October 2013,-0.34,0.14
28 October 2013,-0.06,0.02
29 October 2013,-0.14,-0.11
30 October 2013,-0.77,0.49
31 October 2013,-0.09,-0.43
01 November 2013,-0.68,0.22
04 November 2013,0.76,-0.03
05 November 2013,0,-0.25
06 November 2013,-0.83,0.38
07 November 2013,-0.36,0.19
08 November 2013,0.53,0.41
11 November 2013,0.01,-0.13
12 November 2013,0.37,-0.7
13 November 2013,0.09,-0.12
14 November 2013,-0.56,0.31
15 November 2013,0.06,-0.27
18 November 2013,-0.45,0.45
19 November 2013,-0.33,0.26
20 November 2013,0.26,0.03
21 November 2013,0.79,-0.06
22 November 2013,-0.07,0.11
25 November 2013,0.15,0.14
26 November 2013,0.85,-0.48
27 November 2013,0.35,-0.06
29 November 2013,0.29,-0.17
02 December 2013,-0.97,0.16
03 December 2013,-0.08,-0.09
04 December 2013,-0.2,0.26
05 December 2013,0.7,-0.63
06 December 2013,-0.28,0.2
09 December 2013,-0.42,0
10 December 2013,-0.56,0.2
11 December 2013,-0.35,0.05
12 December 2013,0.36,0.25
13 December 2013,0.25,-0.01
16 December 2013,0.58,-0.14
17 December 2013,0.18,-0.16
18 December 2013,-0.47,0.04
19 December 2013,-0.54,0.16
20 December 2013,1.29,-0.3
23 December 2013,0.5,-0.05
24 December 2013,0.1,0.11
26 December 2013,-0.32,-0.31
27 December 2013,-0.07,0.23
30 December 2013,0.02,-0.3
31 December 2013,-0.17,0.04
02 January 2014,-0.27,0.11
03 January 2014,0.36,0.04
06 January 2014,-0.57,0.26
07 January 2014,0.4,-0.41
08 January 2014,0.01,-0.12
09 January 2014,0.17,-0.38
10 January 2014,0.52,-0.77
13 January 2014,-0.07,0.1
14 January 2014,0.19,-0.38
15 January 2014,0.21,0.2
16 January 2014,0.29,-0.68
17 January 2014,0.03,0.04
21 January 2014,0.46,-0.01
22 January 2014,0.27,0.21
23 January 2014,0.15,-0.5
24 January 2014,-0.39,0.22
27 January 2014,-0.86,0.46
28 January 2014,0.19,-0.02
29 January 2014,-0.41,0.25
30 January 2014,0.31,-0.42
31 January 2014,-0.06,-0.39
03 February 2014,-0.89,0.32
04 February 2014,-0.04,-0.1
05 February 2014,-0.6,0.2
06 February 2014,-0.48,0.23
07 February 2014,-0.16,-0.67
10 February 2014,0.12,-0.44
11 February 2014,-0.19,0.24
12 February 2014,0.25,-0.08
13 February 2014,0.73,-0.09
14 February 2014,-0.37,0.38
18 February 2014,0.98,-0.24
19 February 2014,-0.29,-0.39
20 February 2014,0.53,-0.14
21 February 2014,0.35,-0.04
24 February 2014,0.19,0.26
25 February 2014,0.12,-0.61
26 February 2014,0.68,-0.09
27 February 2014,0.15,0.01
28 February 2014,-0.71,0.83
03 March 2014,0.08,0.15
04 March 2014,1.11,-0.12
05 March 2014,-0.27,0.28
06 March 2014,-0.32,0.75
07 March 2014,-0.11,0.52
10 March 2014,-0.11,0.06
11 March 2014,-0.54,-0.19
12 March 2014,0.3,-0.17
13 March 2014,-0.13,0.27
14 March 2014,0.68,-0.05
17 March 2014,-0.36,-0.01
18 March 2014,0.74,-0.42
19 March 2014,-0.17,0.6
20 March 2014,-0.48,0.99
21 March 2014,-0.28,0.88
24 March 2014,-0.89,0.97
25 March 2014,-0.34,0.14
26 March 2014,-1.19,0.3
27 March 2014,-0.13,-0.24
28 March 2014,-0.43,0.52
31 March 2014,0.99,-0.16
01 April 2014,0.74,-0.41
02 April 2014,0.04,0.12
03 April 2014,-0.89,0.79
04 April 2014,-1.15,0.74
07 April 2014,-0.3,-0.02
08 April 2014,0.31,-0.22
09 April 2014,0.34,-0.93
10 April 2014,-0.71,0.86
11 April 2014,-0.41,0.29
14 April 2014,-0.5,0.21
15 April 2014,-0.38,0.17
16 April 2014,0.04,-0.44
17 April 2014,0.32,0.24
21 April 2014,0.2,-0.43
22 April 2014,0.72,-0.37
23 April 2014,-0.64,0.89
24 April 2014,-0.41,-0.17
25 April 2014,-0.96,0.62
28 April 2014,-0.65,-0.54
29 April 2014,-0.21,-0.22
30 April 2014,0.25,-0.04
01 May 2014,-0.15,-0.18
02 May 2014,0.23,0.33
05 May 2014,-0.3,-0.52
06 May 2014,-0.54,0.16
07 May 2014,-0.85,1.18
08 May 2014,-1,0.34
09 May 2014,0.71,-0.39
12 May 2014,1.41,-0.3
13 May 2014,-1.06,0.18
14 May 2014,-1.1,-0.43
15 May 2014,0.33,-0.27
16 May 2014,0.26,-0.4
19 May 2014,0.63,0
20 May 2014,-0.81,0.23
21 May 2014,-0.26,0.05
22 May 2014,0.63,-0.27
23 May 2014,0.62,-0.24
27 May 2014,0.7,-0.19
28 May 2014,-0.33,0.27
29 May 2014,-0.2,-0.12
30 May 2014,-0.68,0.28
02 June 2014,-0.69,0.4
03 June 2014,-0.27,0.18
04 June 2014,0.23,-0.09
05 June 2014,1.29,-0.18
06 June 2014,0.48,0
09 June 2014,1.01,-0.31
10 June 2014,-0.18,-0.04
11 June 2014,-0.13,-0.28
12 June 2014,0.1,0.17
13 June 2014,-0.07,-0.19
16 June 2014,0.46,-0.67
17 June 2014,0.55,0.45
18 June 2014,-0.27,-0.09
19 June 2014,-0.16,-0.04
20 June 2014,0.18,0.04
23 June 2014,-0.24,0.08
24 June 2014,-0.33,-0.21
25 June 2014,0.36,0.07
26 June 2014,-0.08,0.05
27 June 2014,0.48,-0.22
30 June 2014,0.26,0.19
01 July 2014,0.48,-0.37
02 July 2014,-0.45,-0.21
03 July 2014,0.22,0.08
07 July 2014,-1.27,0.38
08 July 2014,-0.66,0.71
09 July 2014,-0.38,-0.11
10 July 2014,-0.59,0.02
11 July 2014,-0.21,-0.39
14 July 2014,0,-0.13
15 July 2014,-0.94,0.98
16 July 2014,-0.6,0.32
17 July 2014,-0.39,0.18
18 July 2014,0.49,-0.47
21 July 2014,-0.24,0.05
22 July 2014,0.25,-0.32
23 July 2014,0.13,-0.74
24 July 2014,-0.27,0.04
25 July 2014,-0.36,0.16
28 July 2014,-0.47,0.28
29 July 2014,0.7,-0.67
30 July 2014,0.43,-0.29
31 July 2014,-0.2,0.46
01 August 2014,-0.18,-0.07
04 August 2014,0.02,-0.22
05 August 2014,0.77,-0.19
06 August 2014,0.37,0.18
07 August 2014,-0.03,-0.14
08 August 2014,-0.21,-0.18
11 August 2014,0.6,-0.29
12 August 2014,-0.6,0.25
13 August 2014,-0.08,-0.24
14 August 2014,-0.23,0.04
15 August 2014,-0.15,-0.15
18 August 2014,0.6,-0.19
19 August 2014,-0.13,-0.1
20 August 2014,-0.64,0.27
21 August 2014,-0.14,0.82
22 August 2014,0.3,-0.39
25 August 2014,-0.24,0.04
26 August 2014,0.7,-0.33
27 August 2014,-0.23,0.15
28 August 2014,-0.42,0.09
29 August 2014,0.27,0.09
02 September 2014,0.46,-0.09
03 September 2014,-0.54,0.23
04 September 2014,-0.14,-0.15
05 September 2014,-0.26,-0.06
08 September 2014,0.52,-0.44
09 September 2014,-0.43,-0.02
10 September 2014,0.2,-0.39
11 September 2014,0.49,0.2
12 September 2014,-0.23,0.14
15 September 2014,-1.06,0.66
16 September 2014,-0.39,-0.13
17 September 2014,0.08,-0.2
18 September 2014,0.01,0.03
19 September 2014,-0.96,0.05
22 September 2014,-0.57,0.13
23 September 2014,-0.32,-0.05
24 September 2014,0.08,-0.92
25 September 2014,0.08,0.15
26 September 2014,-0.04,-0.27
29 September 2014,0.17,-0.44
30 September 2014,-1,0.14
01 October 2014,-0.15,0.33
02 October 2014,1.02,-0.38
03 October 2014,-0.39,-0.41
06 October 2014,-0.78,0.39
07 October 2014,-0.12,0.12
08 October 2014,0.02,-0.06
09 October 2014,-0.42,-0.4
10 October 2014,-0.16,0.56
13 October 2014,1.32,0.5
14 October 2014,0.85,-0.12
15 October 2014,1.8,-1.31
16 October 2014,1.08,0.17
17 October 2014,-1.56,-0.1
20 October 2014,0.2,-0.33
21 October 2014,-0.41,0.02
22 October 2014,-0.57,0.21
23 October 2014,0.52,-0.46
24 October 2014,-0.46,-0.11
27 October 2014,0.11,-0.26
28 October 2014,1.58,-0.02
29 October 2014,-0.02,0.44
30 October 2014,0.27,-0.47
31 October 2014,0.28,0.19
03 November 2014,-0.26,-0.06
04 November 2014,-0.03,-0.11
05 November 2014,-0.53,0.86
06 November 2014,0.09,-0.48
07 November 2014,0.01,0.44
10 November 2014,0.19,-0.5
11 November 2014,0.02,-0.29
12 November 2014,0.77,-0.28
13 November 2014,-0.91,-0.33
14 November 2014,-0.14,0.14
17 November 2014,-0.98,0.27
18 November 2014,0.04,-0.36
19 November 2014,-0.93,-0.06
20 November 2014,0.87,-0.02
21 November 2014,-0.39,-0.08
24 November 2014,0.94,-0.57
25 November 2014,0.06,-0.04
26 November 2014,0.09,-0.46
28 November 2014,-0.93,-1.02
01 December 2014,-0.96,0.61
02 December 2014,0.41,0.05
03 December 2014,0.45,0.3
04 December 2014,-0.32,0.08
05 December 2014,0.57,0.25
08 December 2014,-0.58,0.27
09 December 2014,1.71,-0.29
10 December 2014,-0.61,-0.1
11 December 2014,-0.08,-0.2
12 December 2014,0.48,-0.58
15 December 2014,-0.26,0.11
16 December 2014,0.63,0.6
17 December 2014,0.85,-0.1
18 December 2014,-0.88,-0.21
19 December 2014,-0.22,0.19
22 December 2014,0.19,-0.04
23 December 2014,-0.26,1.06
24 December 2014,0.36,-0.17
26 December 2014,0.37,-0.32
29 December 2014,0.16,0.57
30 December 2014,0.06,0.35
31 December 2014,0.49,-0.39
02 January 2015,-0.59,0.09
05 January 2015,0.33,-0.63
06 January 2015,-0.78,-0.26
07 January 2015,0.17,-0.65
08 January 2015,-0.11,-0.27
09 January 2015,0.02,-0.5
12 January 2015,0.37,-0.37
13 January 2015,0.28,0.03
14 January 2015,0.29,-0.5
15 January 2015,-0.95,0.63
16 January 2015,0.47,-0.14
20 January 2015,-0.67,-0.55
21 January 2015,-0.95,0.55
22 January 2015,0.46,0.41
23 January 2015,0.51,-0.82
26 January 2015,0.57,-0.05
27 January 2015,0.67,0.23
28 January 2015,-0.08,-0.77
29 January 2015,0.24,0
30 January 2015,-0.77,0.03
02 February 2015,-0.46,1
03 February 2015,0.17,0.51
04 February 2015,-0.07,-0.21
05 February 2015,0.47,-0.16
06 February 2015,0.07,0.38
09 February 2015,-0.39,0.09
10 February 2015,-0.31,-0.7
11 February 2015,-0.11,-0.33
12 February 2015,0.16,-0.09
13 February 2015,0.18,-0.29
17 February 2015,-0.02,0
18 February 2015,0.29,-0.81
19 February 2015,0.27,-0.35
20 February 2015,-0.4,-0.26
23 February 2015,0.04,-0.38
24 February 2015,-0.04,0.69
25 February 2015,0.22,-0.51
26 February 2015,0.62,-0.49
27 February 2015,-0.21,0.22
02 March 2015,0.23,-0.43
03 March 2015,-0.31,0.3
04 March 2015,0.09,-0.4
05 March 2015,0.24,-0.43
06 March 2015,0.27,0.43
09 March 2015,0.08,-0.02
10 March 2015,0.42,-0.47
11 March 2015,0.57,0.52
12 March 2015,0.38,0.5
13 March 2015,0.21,-0.03
16 March 2015,-0.77,-0.42
17 March 2015,0.54,-0.02
18 March 2015,-0.51,0
19 March 2015,0.87,-1.1
20 March 2015,-0.14,0.54
23 March 2015,0.21,0.23
24 March 2015,0.58,-0.28
25 March 2015,-0.98,1.04
26 March 2015,0.11,-0.06
27 March 2015,0.5,-0.7
30 March 2015,0.01,-0.04
31 March 2015,0.42,0.37
01 April 2015,0.34,0.42
02 April 2015,-0.08,0.31
06 April 2015,-0.27,-0.15
07 April 2015,-0.19,-0.16
08 April 2015,0.53,-0.72
09 April 2015,-0.7,-0.06
10 April 2015,-0.07,-0.28
13 April 2015,0.49,0.23
14 April 2015,-0.19,0.19
15 April 2015,0.25,0.32
16 April 2015,-0.08,-0.2
17 April 2015,-0.46,0.23
20 April 2015,0.16,-0.27
21 April 2015,0.19,-0.76
22 April 2015,-0.37,0.16
23 April 2015,0.29,-0.22
24 April 2015,-0.51,-0.28
27 April 2015,-0.7,0.56
28 April 2015,0.21,1.02
29 April 2015,-0.74,0.74
30 April 2015,-1.06,0.77
01 May 2015,-0.31,-0.63
04 May 2015,0.03,0.25
05 May 2015,-0.15,0.51
06 May 2015,0.64,-0.13
07 May 2015,0.04,-0.4
08 May 2015,-0.57,-0.12
11 May 2015,0.67,-0.03
12 May 2015,0,0.07
13 May 2015,0,0.02
14 May 2015,-0.11,-0.35
15 May 2015,-0.24,-0.21
18 May 2015,0.74,-0.09
19 May 2015,-0.12,0.23
20 May 2015,0.22,-0.13
21 May 2015,-0.3,-0.02
22 May 2015,-0.12,-0.14
26 May 2015,-0.02,-0.01
27 May 2015,0.33,-0.35
28 May 2015,0.1,0.13
29 May 2015,0.02,0.05
01 June 2015,-0.04,-0.22
02 June 2015,0.32,0.33
03 June 2015,0.86,-0.24
04 June 2015,-0.1,-0.01
05 June 2015,0.8,0.05
08 June 2015,0.05,0.03
09 June 2015,-0.31,0.35
10 June 2015,0.15,0.19
11 June 2015,-0.1,-0.11
12 June 2015,0.33,0.13
15 June 2015,0.11,-0.13
16 June 2015,0.1,0
17 June 2015,-0.29,-0.63
18 June 2015,0.21,-0.43
19 June 2015,0.56,-0.2
22 June 2015,0.08,-0.06
23 June 2015,0.24,0.27
24 June 2015,-0.11,0.13
25 June 2015,0.36,-0.2
26 June 2015,-0.23,0.45
29 June 2015,-0.42,0.18
30 June 2015,0.31,-0.67
01 July 2015,-0.77,-0.06
02 July 2015,-0.56,-0.04
06 July 2015,0.16,-0.55
07 July 2015,-0.44,-0.25
08 July 2015,-0.03,0.08
09 July 2015,0.16,-0.03
10 July 2015,0.23,-0.55
13 July 2015,-0.07,-0.41
14 July 2015,0.15,0.12
15 July 2015,-0.81,-0.08
16 July 2015,-0.17,-0.62
17 July 2015,-0.6,-0.64
20 July 2015,-0.72,-0.57
21 July 2015,0.03,0.3
22 July 2015,0.18,0.19
23 July 2015,-0.36,-0.35
24 July 2015,-0.61,-0.02
27 July 2015,-0.25,0.08
28 July 2015,-0.34,-0.12
29 July 2015,-0.36,0.52
30 July 2015,0.17,-0.25
31 July 2015,0.82,-0.99
03 August 2015,-0.33,-0.17
04 August 2015,0.09,-0.19
05 August 2015,0.01,-0.45
06 August 2015,-0.53,1.99
07 August 2015,-0.46,-0.35
10 August 2015,0.16,0.69
11 August 2015,-0.08,0.43
12 August 2015,-0.09,-0.28
13 August 2015,-0.43,0.01
14 August 2015,0.13,0.44
17 August 2015,0.44,-0.87
18 August 2015,-0.63,0.35
19 August 2015,-0.12,-0.22
20 August 2015,-0.28,0.6
21 August 2015,1.82,0.14
24 August 2015,0.34,-0.43
25 August 2015,0.69,-0.61
26 August 2015,-1.35,-0.38
27 August 2015,-0.68,0.6
28 August 2015,0.97,0.08
31 August 2015,0.77,1.42
01 September 2015,0.32,-0.5
02 September 2015,-0.16,-0.93
03 September 2015,-0.32,0.72
04 September 2015,0.9,-0.57
08 September 2015,-0.37,-0.56
09 September 2015,0.16,0.11
10 September 2015,-0.13,-0.32
11 September 2015,-0.2,-0.7
14 September 2015,0.03,0.01
15 September 2015,-0.19,0.24
16 September 2015,0.02,0.44
17 September 2015,0.89,-1.49
18 September 2015,0.46,-0.96
21 September 2015,-0.94,1.21
22 September 2015,-0.27,0.14
23 September 2015,-0.17,-0.14
24 September 2015,0.25,0.56
25 September 2015,-1.66,1.87
28 September 2015,-0.27,1.17
29 September 2015,-0.72,0.72
30 September 2015,-0.43,-0.48
01 October 2015,-0.45,-0.04
02 October 2015,0.34,-0.84
05 October 2015,0.62,0.77
06 October 2015,-0.23,1.72
07 October 2015,0.7,-0.24
08 October 2015,0.24,0.77
09 October 2015,0.21,-1.08
12 October 2015,-0.4,-0.07
13 October 2015,-0.73,0.69
14 October 2015,-0.26,-0.03
15 October 2015,0.65,-0.15
16 October 2015,-0.49,-0.34
19 October 2015,0.16,-0.71
20 October 2015,0.02,1.21
21 October 2015,-0.88,-0.18
22 October 2015,-0.78,0.47
23 October 2015,-0.01,-0.6
26 October 2015,-0.35,-0.71
27 October 2015,-0.87,-0.88
28 October 2015,1.41,0.64
29 October 2015,-0.88,0.1
30 October 2015,0.22,-0.54
02 November 2015,0.85,-0.02
03 November 2015,0.45,0.22
04 November 2015,0.33,-0.33
05 November 2015,0.03,0.46
06 November 2015,0.81,0.27
09 November 2015,-0.21,-0.05
10 November 2015,0,0.27
11 November 2015,-0.52,-0.18
12 November 2015,-0.51,-0.45
13 November 2015,0.3,0.38
16 November 2015,-0.58,0.46
17 November 2015,-0.12,-0.66
18 November 2015,0,-0.09
19 November 2015,-0.26,-0.11
20 November 2015,0.43,-0.41
23 November 2015,0.66,-0.35
24 November 2015,0.7,0.26
25 November 2015,0.87,-0.55
27 November 2015,0.22,-0.29
30 November 2015,0.14,0.69
01 December 2015,-0.66,0.24
02 December 2015,0.25,-0.7
03 December 2015,-0.22,0.43
04 December 2015,-1.04,-0.52
07 December 2015,-0.86,-0.66
08 December 2015,0.48,-1.23
09 December 2015,-0.33,0.41
10 December 2015,0.11,-0.22
11 December 2015,-0.22,-0.06
14 December 2015,-1.05,-0.18
15 December 2015,0.03,0.76
16 December 2015,0.01,-0.64
17 December 2015,0.38,-0.31
18 December 2015,0.76,-0.4
21 December 2015,-0.18,-0.06
22 December 2015,-0.04,0.51
23 December 2015,0.13,0.59
24 December 2015,0.3,-0.03
28 December 2015,-0.48,-0.38
29 December 2015,0.09,-0.31
30 December 2015,-0.17,-0.13
31 December 2015,-0.24,0.24
04 January 2016,-0.83,0.53
05 January 2016,-0.22,0.01
06 January 2016,-0.12,0
07 January 2016,-0.29,0.08
08 January 2016,-0.47,-0.03
11 January 2016,-0.65,0.34
12 January 2016,-0.4,-0.77
13 January 2016,-0.7,0.78
14 January 2016,-0.01,-0.41
15 January 2016,0.42,-0.21
19 January 2016,-1.34,-0.07
20 January 2016,1.85,-1.24
21 January 2016,-0.49,0.01
22 January 2016,0.22,-0.19
25 January 2016,-0.37,-0.98
26 January 2016,0.38,1.22
27 January 2016,-0.54,1.72
28 January 2016,-0.47,1.26
29 January 2016,0.46,0.37
01 February 2016,-0.21,-0.96
02 February 2016,-0.03,-0.34
03 February 2016,-0.32,0.44
04 February 2016,0.2,0.32
05 February 2016,-1.1,1.75
08 February 2016,-0.02,0.9
09 February 2016,-0.47,-0.29
10 February 2016,-0.05,-0.56
11 February 2016,0.5,-1.47
12 February 2016,-0.54,1.14
16 February 2016,0.55,-0.56
17 February 2016,-0.05,-0.63
18 February 2016,0,0.21
19 February 2016,0.43,-0.62
22 February 2016,-0.27,0.24
23 February 2016,0.47,-0.52
24 February 2016,0.68,-0.32
25 February 2016,-0.43,0.23
26 February 2016,0.82,0.26
29 February 2016,0.66,0.26
01 March 2016,-0.64,0.3
02 March 2016,0.5,0.71
03 March 2016,0.44,0.64
04 March 2016,0.27,0.28
07 March 2016,1.21,0.54
08 March 2016,-1.14,-0.49
09 March 2016,0.04,0.38
10 March 2016,-0.81,0.63
11 March 2016,0.27,0.19
14 March 2016,-0.07,-0.87
15 March 2016,-1.43,0.67
16 March 2016,0.1,-0.04
17 March 2016,0.84,0.58
18 March 2016,0.34,-0.19
21 March 2016,-0.2,-0.31
22 March 2016,-0.01,-0.45
23 March 2016,-1.17,-0.09
24 March 2016,0.47,-0.06
28 March 2016,-0.03,0.14
29 March 2016,1.77,-1.18
30 March 2016,-0.29,0.14
31 March 2016,0.44,-0.48
01 April 2016,-0.25,-0.62
04 April 2016,-0.25,-0.74
05 April 2016,-0.08,-0.36
06 April 2016,0.17,-0.82
07 April 2016,-0.05,-0.35
08 April 2016,0.02,0.68
11 April 2016,-0.1,0.95
12 April 2016,-0.06,0.85
13 April 2016,0.84,0.35
14 April 2016,-0.28,0.18
15 April 2016,0.33,-0.32
18 April 2016,0.09,-0.19
19 April 2016,-0.36,1.48
20 April 2016,-0.1,0.54
21 April 2016,0.11,-0.59
22 April 2016,0.82,0.49
25 April 2016,-0.58,-0.17
26 April 2016,0.65,0.78
27 April 2016,0.09,0.68
28 April 2016,-0.15,0.05
29 April 2016,-0.14,0.38
02 May 2016,-0.01,-0.36
03 May 2016,-0.66,-0.49
04 May 2016,-0.15,0.06
05 May 2016,-0.5,0.09
06 May 2016,0.05,0.24
09 May 2016,0.36,-1.48
10 May 2016,-0.4,0.47
11 May 2016,-0.36,0.78
12 May 2016,-0.6,0.15
13 May 2016,0.38,-0.66
16 May 2016,0.28,-0.24
17 May 2016,-0.78,0.61
18 May 2016,0.11,0.83
19 May 2016,-0.32,-0.29
20 May 2016,0.9,-0.3
23 May 2016,0.26,-0.32
24 May 2016,0.68,-0.34
25 May 2016,-0.21,0.57
26 May 2016,-0.09,-0.51
27 May 2016,0.33,-0.22
31 May 2016,0.5,-0.36
01 June 2016,0.65,-0.25
02 June 2016,0.31,-0.59
03 June 2016,-0.14,-0.11
06 June 2016,0.68,0.32
07 June 2016,0.19,0.11
08 June 2016,0.45,-0.11
09 June 2016,-0.4,-0.22
10 June 2016,-0.34,-0.18
13 June 2016,-0.36,0.1
14 June 2016,0.27,-0.71
15 June 2016,0.25,-0.05
16 June 2016,-0.34,-0.4
17 June 2016,-0.1,0.94
20 June 2016,0.61,-0.01
21 June 2016,-0.62,0.5
22 June 2016,-0.31,0.08
23 June 2016,0.5,0.43
24 June 2016,0.15,-1.14
27 June 2016,-0.95,-0.67
28 June 2016,-0.39,0.14
29 June 2016,0.27,-0.07
30 June 2016,0.35,0.45
01 July 2016,0.53,-0.41
05 July 2016,-0.62,-1.36
06 July 2016,0.17,-0.12
07 July 2016,0.35,-0.2
08 July 2016,0.89,0.35
11 July 2016,0.6,0.25
12 July 2016,0.62,1
13 July 2016,-0.52,0.51
14 July 2016,-0.46,0.45
15 July 2016,0.3,0.01
18 July 2016,-0.02,-0.12
19 July 2016,-0.62,0.05
20 July 2016,0.45,-0.87
21 July 2016,-0.05,-0.01
22 July 2016,0.23,-0.08
25 July 2016,-0.02,-0.24
26 July 2016,0.58,0.54
27 July 2016,0.58,-0.42
28 July 2016,-0.41,-0.34
29 July 2016,-0.02,0.04
01 August 2016,0.18,-0.87
02 August 2016,-0.59,0.16
03 August 2016,0.46,0.83
04 August 2016,0.08,-0.33
05 August 2016,0.44,0.87
08 August 2016,0.02,0.57
09 August 2016,-0.02,-0.31
10 August 2016,-0.44,-0.12
11 August 2016,0.15,0.04
12 August 2016,0.08,-0.18
15 August 2016,0.73,0.39
16 August 2016,-0.27,0.61
17 August 2016,-0.55,0.25
18 August 2016,0.45,0.37
19 August 2016,0.12,-0.12
22 August 2016,0.25,-0.41
23 August 2016,0.56,-0.01
24 August 2016,-0.47,0.4
25 August 2016,0.19,0.48
26 August 2016,0.15,-0.13
29 August 2016,-0.07,0.35
30 August 2016,0.1,0.31
31 August 2016,-0.39,0.13
01 September 2016,0.12,-0.49
02 September 2016,0.39,0.36
06 September 2016,0.06,-0.53
07 September 2016,0.61,0.03
08 September 2016,-0.03,0.57
09 September 2016,-0.56,0.31
12 September 2016,0,-0.46
13 September 2016,-0.25,-0.48
14 September 2016,0.11,-0.83
15 September 2016,0.3,-0.33
16 September 2016,0.32,-0.46
19 September 2016,0.4,0.17
20 September 2016,-0.21,-0.51
21 September 2016,0.14,0.33
22 September 2016,0.85,-0.06
23 September 2016,-0.1,-0.19
26 September 2016,-0.23,-0.35
27 September 2016,-0.07,-0.53
28 September 2016,0.22,1.1
29 September 2016,-0.41,0.54
30 September 2016,0.37,0.35
03 October 2016,-0.03,-0.13
04 October 2016,0.04,0.09
05 October 2016,0.28,0.79
06 October 2016,-0.27,0.37
07 October 2016,-0.51,0.16
10 October 2016,0.57,0.01
11 October 2016,-0.6,0.48
12 October 2016,-0.23,0.37
13 October 2016,-0.68,-0.63
14 October 2016,-0.36,0.57
17 October 2016,-0.05,0.14
18 October 2016,-0.17,0.03
19 October 2016,0.04,0.91
20 October 2016,-0.03,-0.11
21 October 2016,-0.13,-0.32
24 October 2016,0.06,-0.16
25 October 2016,-0.58,0.22
26 October 2016,-0.84,0.75
27 October 2016,-0.96,0.6
28 October 2016,-0.1,0.11
31 October 2016,0.03,0.13
01 November 2016,-0.36,0.17
02 November 2016,-0.66,0.36
03 November 2016,-0.46,1.02
04 November 2016,0.86,-0.42
07 November 2016,0.21,-0.15
08 November 2016,-0.07,-0.19
09 November 2016,1.82,0.99
10 November 2016,1.14,1.81
11 November 2016,2.5,-0.04
14 November 2016,0.58,1.42
15 November 2016,-0.55,0.14
16 November 2016,0.3,-0.56
17 November 2016,0.13,-0.13
18 November 2016,0.56,0.39
21 November 2016,-0.26,0.08
22 November 2016,0.54,0.58
23 November 2016,0.52,0.19
25 November 2016,-0.08,-0.24
28 November 2016,-0.77,0.06
29 November 2016,-0.36,-0.07
30 November 2016,-0.39,2.25
01 December 2016,-0.66,2.06
02 December 2016,0.05,-0.32
05 December 2016,1.09,0.28
06 December 2016,0.63,0.23
07 December 2016,-0.63,0.53
08 December 2016,1.15,0.58
09 December 2016,-0.28,0.12
12 December 2016,-0.94,-0.11
13 December 2016,-0.51,-0.29
14 December 2016,-0.36,-0.29
15 December 2016,0.37,0.28
16 December 2016,0.05,-0.42
19 December 2016,0.31,0.08
20 December 2016,0.42,0.68
21 December 2016,-0.38,0.24
22 December 2016,-0.75,0.24
23 December 2016,0.56,-0.52
27 December 2016,0.21,0.13
28 December 2016,-0.27,0.08
29 December 2016,0.13,-0.31
30 December 2016,-0.11,0.2
03 January 2017,-0.11,0.09
04 January 2017,0.96,-0.15
05 January 2017,-0.87,-0.8
06 January 2017,-0.63,-0.32
09 January 2017,-0.27,-1.03
10 January 2017,0.97,0.56
11 January 2017,-0.31,0.53
12 January 2017,-0.57,-0.88
13 January 2017,0.63,-0.08
17 January 2017,-0.86,-0.59
18 January 2017,0.17,0.23
19 January 2017,-0.5,-0.03
20 January 2017,0.06,0.18
23 January 2017,-0.02,-0.3
24 January 2017,0.68,0.81
25 January 2017,0.15,0.35
26 January 2017,-0.62,0.38
27 January 2017,0.03,-0.67
30 January 2017,-0.72,-0.41
31 January 2017,0.88,-0.55
01 February 2017,-0.05,0.02
02 February 2017,-0.26,-0.31
03 February 2017,0.55,0.65
06 February 2017,-0.57,-0.2
07 February 2017,-0.29,-0.51
08 February 2017,-0.24,-0.53
09 February 2017,0.7,0.03
10 February 2017,0.38,0.12
13 February 2017,-0.32,0.33
14 February 2017,-0.23,0.33
15 February 2017,0.19,-0.44
16 February 2017,-0.21,-0.04
17 February 2017,-0.01,-0.57
21 February 2017,-0.03,0.13
22 February 2017,-0.37,0.12
23 February 2017,-0.68,0.26
24 February 2017,0.04,-0.91
27 February 2017,0.82,-0.34
28 February 2017,-1.38,0.2
01 March 2017,0.43,0.72
02 March 2017,-0.53,-0.88
03 March 2017,-0.22,0.15
06 March 2017,-0.35,-0.1
07 March 2017,-0.29,-0.05
08 March 2017,-0.1,-0.82
09 March 2017,-0.47,-0.28
10 March 2017,0.1,-0.38
13 March 2017,0.32,-0.03
14 March 2017,-0.23,0.02
15 March 2017,0.73,-0.41
16 March 2017,0.44,0.23
17 March 2017,0.62,-0.26
20 March 2017,-0.07,-0.75
21 March 2017,-1.34,-0.69
22 March 2017,-0.3,-0.54
23 March 2017,0.69,0.46
24 March 2017,0.12,-0.24
27 March 2017,0.56,-0.52
28 March 2017,-0.15,0.71
29 March 2017,0.4,-0.06
30 March 2017,0.33,0.93
31 March 2017,0.57,-0.31
03 April 2017,-1.1,-0.11
04 April 2017,-0.22,0.32
05 April 2017,-0.79,-0.3
06 April 2017,0.69,0.49
07 April 2017,0.14,-0.26
10 April 2017,0.11,0.11
11 April 2017,0.8,0.25
12 April 2017,-0.84,-0.53
13 April 2017,-0.23,-0.79
17 April 2017,0.24,0.22
18 April 2017,0.36,-0.16
19 April 2017,0.59,-0.38
20 April 2017,0.52,0.27
21 April 2017,0.1,-0.14
24 April 2017,0.17,0.52
25 April 2017,0.36,-0.05
26 April 2017,0.7,0.32
27 April 2017,-0.13,-0.95
28 April 2017,-0.67,-0.59
01 May 2017,0.27,-0.13
02 May 2017,-0.46,-0.21
03 May 2017,-0.54,0.2
04 May 2017,-0.06,-0.35
05 May 2017,0.07,0.06
08 May 2017,-0.27,0.29
09 May 2017,0.49,-0.81
10 May 2017,0.19,0.02
11 May 2017,-0.36,-0.14
12 May 2017,-0.3,-0.62
15 May 2017,0.25,0.19
16 May 2017,0.16,-0.09
17 May 2017,-0.88,-0.53
18 May 2017,0.05,-0.4
19 May 2017,-0.38,0.41
22 May 2017,0.28,-0.3
23 May 2017,-0.07,0.62
24 May 2017,-0.16,-0.5
25 May 2017,-0.27,-0.77
26 May 2017,-0.02,0.09
30 May 2017,-0.5,-0.32
31 May 2017,0.03,-0.56
01 June 2017,0.99,0.04
02 June 2017,0.55,-0.8
05 June 2017,-0.46,0
06 June 2017,0.1,-0.07
07 June 2017,-0.19,0.01
08 June 2017,1.16,0.92
09 June 2017,0.01,2.38
12 June 2017,-0.27,0.35
13 June 2017,0.08,-0.14
14 June 2017,-0.47,-0.54
15 June 2017,-0.23,-0.12
16 June 2017,-0.23,-0.18
19 June 2017,0.12,-0.74
20 June 2017,-0.41,-0.51
21 June 2017,-0.05,-1.69
22 June 2017,0.52,-0.41
23 June 2017,0.82,-0.51
26 June 2017,-0.05,0.69
27 June 2017,-0.4,1.33
28 June 2017,0.74,0.21
29 June 2017,-0.11,1.38
30 June 2017,-0.09,-0.23
03 July 2017,0.35,1.21
05 July 2017,-0.7,-0.57
06 July 2017,-0.5,0.11
07 July 2017,0.42,-0.41
10 July 2017,-0.43,-0.09
11 July 2017,0.38,-0.53
12 July 2017,0.13,-0.53
13 July 2017,-0.06,0.37
14 July 2017,-0.13,-0.51
17 July 2017,0.21,0.13
18 July 2017,-0.3,-0.33
19 July 2017,0.52,0.03
20 July 2017,0.05,-0.01
21 July 2017,-0.42,-0.28
24 July 2017,0.12,-0.2
25 July 2017,0.37,0.92
26 July 2017,-0.35,-0.7
27 July 2017,-0.62,0.45
28 July 2017,-0.06,0.24
31 July 2017,-0.33,0.44
01 August 2017,-0.24,0.18
02 August 2017,-1.17,0.15
03 August 2017,-0.33,-0.29
04 August 2017,0.3,0.36
07 August 2017,-0.09,-0.6
08 August 2017,-0.1,0.21
09 August 2017,-0.76,-0.1
10 August 2017,-0.29,0.25
11 August 2017,0.24,-0.88
14 August 2017,0.26,0.06
15 August 2017,-0.85,-0.04
16 August 2017,-0.12,-0.45
17 August 2017,-0.17,-0.15
18 August 2017,0.14,0.21
21 August 2017,-0.25,-0.22
22 August 2017,-0.02,-0.25
23 August 2017,0.1,0.4
24 August 2017,0.6,0.18
25 August 2017,0.12,0.58
28 August 2017,0.35,-0.74
29 August 2017,0.13,-0.39
30 August 2017,0.02,-0.32
31 August 2017,0.47,-0.42
01 September 2017,0.41,0.44
05 September 2017,0.1,-0.95
06 September 2017,-0.02,0.13
07 September 2017,0.15,-0.93
08 September 2017,0.04,0.36
11 September 2017,-0.12,0.63
12 September 2017,0.25,0.71
13 September 2017,0.31,0.36
14 September 2017,-0.04,-0.07
15 September 2017,0.28,0.12
18 September 2017,0.37,0.2
19 September 2017,-0.28,0.35
20 September 2017,0.23,0.52
21 September 2017,0.1,0.37
22 September 2017,0.44,0.13
25 September 2017,0.31,0.63
26 September 2017,0.38,0.13
27 September 2017,1.38,0.17
28 September 2017,0.16,-0.07
29 September 2017,-0.12,-0.27
02 October 2017,0.84,0.16
03 October 2017,-0.03,-0.02
04 October 2017,-0.28,-0.45
05 October 2017,-0.34,0.35
06 October 2017,-0.08,-0.25
09 October 2017,-0.28,-0.05
10 October 2017,-0.01,0.42
11 October 2017,-0.2,-0.22
12 October 2017,0.04,-0.51
13 October 2017,-0.22,0.11
16 October 2017,-0.28,0.37
17 October 2017,-0.33,-0.28
18 October 2017,0.31,0.22
19 October 2017,-0.38,0.17
20 October 2017,-0.07,0.28
23 October 2017,-0.42,0.12
24 October 2017,-0.18,0.47
25 October 2017,-0.01,0.11
26 October 2017,0.04,0.22
27 October 2017,-0.02,-1.01
30 October 2017,-0.8,-0.06
31 October 2017,0.81,-0.22
01 November 2017,-0.8,0.15
02 November 2017,-0.03,0.49
03 November 2017,-0.42,-0.69
06 November 2017,0.2,0.19
07 November 2017,-1.36,-0.37
08 November 2017,0.06,-0.62
09 November 2017,-0.02,0.22
10 November 2017,0.05,-0.38
13 November 2017,-0.3,0.02
14 November 2017,-0.13,0
15 November 2017,-0.05,0.24
16 November 2017,0.85,-0.52
17 November 2017,0.74,0.29
20 November 2017,0.56,0
21 November 2017,0.41,-0.35
22 November 2017,0.1,-0.03
24 November 2017,0.02,-0.45
27 November 2017,-0.37,0.03
28 November 2017,0.39,0.86
29 November 2017,0.04,1.44
30 November 2017,-0.56,-0.51
01 December 2017,-0.37,0.37
04 December 2017,-0.35,1.23
05 December 2017,-0.44,-0.24
06 December 2017,-0.45,-0.52
07 December 2017,0.25,-0.17
08 December 2017,-0.44,-0.13
11 December 2017,-0.4,-0.14
12 December 2017,-0.52,0.52
13 December 2017,0.71,-0.88
14 December 2017,-0.69,-0.21
15 December 2017,0.68,0.03
18 December 2017,0.75,0.26
19 December 2017,-0.36,-0.26
20 December 2017,0.36,0.05
21 December 2017,0.27,0.63
22 December 2017,-0.23,-0.2
26 December 2017,0.34,-0.06
27 December 2017,-0.13,-0.19
28 December 2017,0.12,0.04
29 December 2017,-0.3,0.02
02 January 2018,0.36,-0.22
03 January 2018,-0.39,-0.21
04 January 2018,-0.26,0.24
05 January 2018,-0.34,-0.26
08 January 2018,-0.16,0.07
09 January 2018,-0.36,-0.03
10 January 2018,0.07,0.58
11 January 2018,1.16,0.29
12 January 2018,-0.3,0.17
16 January 2018,-1.02,-0.02
17 January 2018,-0.02,-0.15
18 January 2018,-0.5,-0.25
19 January 2018,0.94,-0.07
22 January 2018,-0.34,-0.14
23 January 2018,0.14,-0.33
24 January 2018,-0.8,0.39
25 January 2018,0.17,-0.49
26 January 2018,-0.62,-0.5
29 January 2018,-0.02,-0.26
30 January 2018,0.11,-0.17
31 January 2018,-0.72,0.06
01 February 2018,0.1,0.51
02 February 2018,0.03,-0.27
05 February 2018,0.78,-0.56
06 February 2018,-0.51,-0.23
07 February 2018,0.51,0.27
08 February 2018,0.83,0.47
09 February 2018,-0.62,0.11
12 February 2018,-0.43,-0.29
13 February 2018,0.05,-0.23
14 February 2018,0.26,0.46
15 February 2018,-0.14,-0.65
16 February 2018,0.36,0.13
20 February 2018,-0.36,-0.26
21 February 2018,0.78,0.2
22 February 2018,0.04,-0.39
23 February 2018,-0.36,-0.14
26 February 2018,-0.49,-0.07
27 February 2018,-0.2,0.01
28 February 2018,-0.4,-0.31
01 March 2018,1.01,-0.04
02 March 2018,1.16,-0.5
05 March 2018,-0.39,0.25
06 March 2018,0.67,0.1
07 March 2018,0.8,-0.45
08 March 2018,-0.49,-0.33
09 March 2018,-0.27,0.28
12 March 2018,0.46,-0.06
13 March 2018,0.09,-0.01
14 March 2018,0.23,-0.54
15 March 2018,-0.41,0.31
16 March 2018,0.46,0.2
19 March 2018,0.34,0.41
20 March 2018,-0.07,-0.38
21 March 2018,0.75,0.45
22 March 2018,0.5,-0.46
23 March 2018,0.2,-0.2
26 March 2018,-0.69,0.02
27 March 2018,-0.24,0.39
28 March 2018,0.11,0.65
29 March 2018,-0.29,-0.21
02 April 2018,-0.14,0.39
03 April 2018,-0.05,0.17
04 April 2018,0.32,-0.31
05 April 2018,0.03,0.48
06 April 2018,0.4,-0.06
09 April 2018,-0.15,-0.5
10 April 2018,0.4,-0.12
11 April 2018,0.92,-0.31
12 April 2018,-0.22,0.19
13 April 2018,0.02,-0.25
16 April 2018,0.08,-0.04
17 April 2018,0.16,-1.18
18 April 2018,0.24,0.02
19 April 2018,-0.46,1.08
20 April 2018,0.06,0.62
23 April 2018,-0.08,0.2
24 April 2018,0.52,0.98
25 April 2018,-0.34,0.01
26 April 2018,-0.41,-0.85
27 April 2018,-0.27,0.07
30 April 2018,0.03,-0.08
01 May 2018,0.22,-0.53
02 May 2018,1.26,-0.28
03 May 2018,-0.5,-0.17
04 May 2018,0.03,-0.23
07 May 2018,0.42,-0.36
08 May 2018,0.48,0.26
09 May 2018,-0.19,0.24
10 May 2018,-0.43,-0.04
11 May 2018,0.11,-0.37
14 May 2018,-0.35,0.11
15 May 2018,0.68,0.41
16 May 2018,0.7,-0.24
17 May 2018,0.9,0.25
18 May 2018,0.56,-0.58
21 May 2018,-0.21,0.43
22 May 2018,-0.75,0.59
23 May 2018,0.05,-0.71
24 May 2018,0.34,-0.31
25 May 2018,0.23,-0.4
29 May 2018,1.32,-1.03
30 May 2018,0.06,0.35
31 May 2018,0.07,-0.4
01 June 2018,-0.22,-0.13
04 June 2018,0.17,-0.46
05 June 2018,0.82,-0.41
06 June 2018,-0.34,0.17
07 June 2018,-0.29,0.92
08 June 2018,0.08,-0.4
11 June 2018,0.18,-0.16
12 June 2018,0.24,-0.61
13 June 2018,0.1,-0.21
14 June 2018,0.32,-0.99
15 June 2018,0.04,-0.24
18 June 2018,0.74,0.09
19 June 2018,0.56,-0.18
20 June 2018,0.73,-0.52
21 June 2018,-0.63,0.32
22 June 2018,0.01,0.44
25 June 2018,-0.56,0.55
26 June 2018,0.61,-0.19
27 June 2018,-0.99,0.39
28 June 2018,-0.19,-0.51
29 June 2018,-0.19,-0.24
02 July 2018,0.45,-0.35
03 July 2018,0.76,0.09
05 July 2018,0.42,-0.4
06 July 2018,0.07,-0.38
09 July 2018,-0.37,0.78
10 July 2018,-0.81,-0.08
11 July 2018,0,-0.53
12 July 2018,-0.33,-1.08
13 July 2018,-0.12,-0.29
16 July 2018,-0.73,0.84
17 July 2018,0.24,-0.68
18 July 2018,-0.25,0.61
19 July 2018,0.97,-0.37
20 July 2018,-0.17,0.08
23 July 2018,-0.24,0.38
24 July 2018,-1.38,0.52
25 July 2018,-0.39,-1.21
26 July 2018,0.64,0.61
27 July 2018,-1.38,1.15
30 July 2018,-0.25,1.66
31 July 2018,0.78,-0.96
01 August 2018,0.1,-0.3
02 August 2018,0.37,-0.73
03 August 2018,-1.06,0.55
06 August 2018,0.27,-0.32
07 August 2018,0.01,-0.13
08 August 2018,-0.13,0.23
09 August 2018,0.38,-0.32
10 August 2018,0.43,-0.23
13 August 2018,-0.16,-0.31
14 August 2018,0.32,0.2
15 August 2018,-0.55,-0.14
16 August 2018,-0.08,0.27
17 August 2018,0.08,0.04
20 August 2018,0.12,0.17
21 August 2018,0.87,0.15
22 August 2018,0.41,-0.45
23 August 2018,-0.05,-0.33
24 August 2018,-0.04,-0.51
27 August 2018,-0.69,-0.11
28 August 2018,-0.12,-0.29
29 August 2018,-0.04,-0.59
30 August 2018,0.3,-0.43
31 August 2018,0.5,-0.43
04 September 2018,-0.33,-0.08
05 September 2018,-0.19,0.69
06 September 2018,-0.39,-0.13
07 September 2018,0.08,-0.21
10 September 2018,0.1,-0.33
11 September 2018,-0.3,-0.21
12 September 2018,-0.09,-0.06
13 September 2018,-0.44,-0.39
14 September 2018,0.26,0.25
17 September 2018,-0.47,0.92
18 September 2018,0.07,-0.53
19 September 2018,-0.62,1.17
20 September 2018,0.3,-0.18
21 September 2018,-0.44,0.38
24 September 2018,0.03,-0.87
25 September 2018,0.3,-0.44
26 September 2018,-0.4,-0.58
27 September 2018,-0.26,-0.57
28 September 2018,0.4,-0.19
01 October 2018,-1.63,0.37
02 October 2018,-1,0.66
03 October 2018,0.88,0.44
04 October 2018,-1.04,1.54
05 October 2018,-0.4,0.39
08 October 2018,-0.38,1.19
09 October 2018,-0.26,0.17
10 October 2018,0.28,1.14
11 October 2018,0.43,-0.89
12 October 2018,-0.88,-1.69
15 October 2018,0.92,0.47
16 October 2018,0.68,-1.45
17 October 2018,-0.64,0.18
18 October 2018,-0.57,0.52
19 October 2018,-1.32,0.8
22 October 2018,0.44,-1.19
23 October 2018,-0.14,-0.33
24 October 2018,-0.88,0.62
25 October 2018,0.47,-0.72
26 October 2018,0.56,0.36
29 October 2018,-0.29,1.63
30 October 2018,0.37,0.11
31 October 2018,-0.63,-0.69
01 November 2018,1.3,-1.1
02 November 2018,0.8,0.64
05 November 2018,-0.98,1.55
06 November 2018,-0.15,0.04
07 November 2018,-0.33,-1.03
08 November 2018,-0.24,0.22
09 November 2018,-0.91,0.38
12 November 2018,0,0.96
13 November 2018,-0.1,0.07
14 November 2018,-0.02,-0.2
15 November 2018,0.37,-0.55
16 November 2018,0,-0.01
19 November 2018,-0.66,2.32
20 November 2018,0.14,-0.63
21 November 2018,0.97,-0.3
23 November 2018,0.79,-0.57
26 November 2018,-0.67,-0.18
27 November 2018,-1.07,0.27
28 November 2018,0.48,-1.27
29 November 2018,-0.12,-0.17
30 November 2018,-0.35,-0.38
03 December 2018,-0.07,-0.7
04 December 2018,-0.97,-0.12
06 December 2018,0.1,-1
07 December 2018,0.23,1.29
10 December 2018,-0.22,-1.57
11 December 2018,-0.08,-0.35
12 December 2018,0.55,-0.13
13 December 2018,-1.5,-0.17
14 December 2018,-0.1,0.59
17 December 2018,-0.26,0.98
18 December 2018,0,-0.55
19 December 2018,-0.65,0.17
20 December 2018,-0.23,0.77
21 December 2018,-0.58,0.83
24 December 2018,0.99,-0.45
26 December 2018,-0.01,-1.05
27 December 2018,-0.67,-0.08
28 December 2018,0.74,0.25
31 December 2018,-0.09,-0.47
02 January 2019,0.57,1.15
03 January 2019,0.39,1.22
04 January 2019,0.44,-0.73
07 January 2019,0.94,-0.66
08 January 2019,0.5,-0.53
09 January 2019,0.5,-0.05
10 January 2019,0,-0.41
11 January 2019,0.1,0.3
14 January 2019,-0.56,0.87
15 January 2019,0,-0.88
16 January 2019,0.11,0.83
17 January 2019,0.1,-0.19
18 January 2019,-0.35,0.12
22 January 2019,-0.38,0.3
23 January 2019,-0.41,-0.13
24 January 2019,0.45,-0.09
25 January 2019,0.47,-0.36
28 January 2019,-0.17,0.66
29 January 2019,0,0.17
30 January 2019,-0.1,-1.06
31 January 2019,0.13,-1.08
01 February 2019,-0.12,0.34
04 February 2019,0.52,-0.57
05 February 2019,-0.1,-0.56
06 February 2019,-0.01,0.01
07 February 2019,-0.14,0.41
08 February 2019,0.03,-0.68
11 February 2019,0.64,0.21
12 February 2019,0.03,-0.24
13 February 2019,0.08,0.05
14 February 2019,0.5,-0.55
15 February 2019,0.24,0.53
19 February 2019,0.28,0.32
20 February 2019,0.21,0.59
21 February 2019,-0.07,-0.26
22 February 2019,0.51,-1.37
25 February 2019,-0.24,-0.2
26 February 2019,-0.63,-0.32
27 February 2019,0.22,-0.16
28 February 2019,0.01,-0.27
